"LegacySource","PartNumber","MfgNumberKept","OldMfgName","Decision","ExportVerdict","ExportMpns"
"Through Hole Parts#1098","601147","SFR25H0002202JR5","SFR25H0002202JR500","AlternateSources","Both active in Export (exact)","SFR25H0002202JR5; SFR25H0002202JR500"
"Through Hole Parts#1114","601166","SP20F100RJ","SP20F1000J","AlternateSources","Both active in Export (exact)","SP20F1000J; SP20F100RJ"
"Through Hole Parts#1163","601227","RC12JT56K0","RC12JB56K0","AlternateSources","Both active in Export (exact)","RC12JB56K0; RC12JT56K0; RC12KB56K0; RC12KT56K0"
"Through Hole Parts#1381","601465","BK-PCC1/2","BK/PCC-1/2-R","AlternateSources","Both active in Export (exact)","BK-PCC1/2; BK/PCC-1/2-R"
"Through Hole Parts#1382","601466","4116R-001-101","4116R-1-101LF","AlternateSources","Both active in Export (exact)","4116R-001-101; 4116R-1-101LF"
"Through Hole Parts#1501","601600","43JR20","43JR20E","AlternateSources","Both active in Export (exact)","43JR20; 43JR20E; 44F5212"
"Through Hole Parts#1661","601789","V8ZA05","V8ZA05P","AlternateSources","Both active in Export (exact)","V8ZA05; V8ZA05P"
"Through Hole Parts#1684","601816","MUR410RL","MUR410RLG","AlternateSources","Both active in Export (exact)","MUR410; MUR410G; MUR410RL; MUR410RLG"
"Through Hole Parts#1726","601890","CW005120RJS70","CW005120R0JB12","AlternateSources","Both active in Export (exact)","CW005120R0JB12; CW005120R0JE12; CW005120R0JE73; CW005120RJS70"
"Through Hole Parts#1815","611028","PS7113-1A","PS7113-1A-A","AlternateSources","Both active in Export (exact)","PS7113-1A; PS7113-1A-A; TLP3546(F); TLP3546A (F)"
"Through Hole Parts#1825","611044","SP02B","SPA02B","AlternateSources","Both active in Export (exact)","SP02B; SPA02B"
"Through Hole Parts#1164","601228","SP20F200RJ","SP20F2000J","KeepMfgNumber","Confirmed (exact)","SP-20F; SP20F2000JLF; SP20F200RJ"
"Through Hole Parts#1619","601734","PR03000201002JAC00","PRO35093NW10K00J","KeepMfgNumber","Confirmed (exact)","PR03000201002JAC00"
"Through Hole Parts#1640","601765","CD74HC40103E","CD74HC40105E","KeepMfgNumber","Confirmed (exact)","CD74HC40103E; CD74HC740103E; M74HC40103B1R"
"Through Hole Parts#1733","601901","MC74HC244AN","MC74HC244ANG","KeepMfgNumber","Confirmed (exact)","MC74HC244AN"
"Through Hole Parts#1857","611083","CW2PCT52A33R2F","CW2PCT52A33R20F","KeepMfgNumber","Confirmed (exact)","CW2PCT52A33R2F"
"Through Hole Parts#1883","611112","MUR880EG","WP934EB/2LGD","KeepMfgNumber","Confirmed (exact)","MUR880EG"
"Through Hole Parts#1884","611113","STTH30L06CT","OBSOLETE","KeepMfgNumber","Confirmed (exact)","STTH30L06CT; VS-HFA30TA60C-M3"
"Through Hole Parts#1893","611122","WP934EB/2GD","WP934EB/2LGD","KeepMfgNumber","Confirmed (exact)","WP934EB/2GD"
"Through Hole Parts#2124","611316","R-78K5.0-2.0L","RECOM POWER","KeepMfgNumber","Confirmed (exact)","R-78K5.0-2.0L"
"Through Hole Parts#1099","601148","B5922","B9522 ""SDX""","NeedsReview","Neither matches","2EXL10393; 2EXL10393A; B9522 ""SDX"",153360000"""
"Through Hole Parts#1196","601261","1N5231B-TP","1N5231B-TR","NeedsReview","Neither matches","1N5231B; 1N5231CRL; 1N5231CTR"
"Through Hole Parts#1199","601264","K101K15COGH53L2","K101K15COGF53L2","NeedsReview","Neither matches","K101K15C0GF53L2; K101K15C0GH53L2; SR151A101KAA; SR151A101KAR"
"Through Hole Parts#1268","601347","STQ3N45K3","STQRFM3N45K3","NeedsReview","Neither matches","RFM3N45"
"Through Hole Parts#1322","601427HT","818-135","818 135","NeedsReview","Neither matches",""
"Through Hole Parts#1411","601501","MTW32N20E","MTW32N20EG","NeedsReview","Neither matches","IRFP250NPBF"
"Through Hole Parts#1526","601627","818-128","818 128","NeedsReview","Neither matches",""
"Through Hole Parts#1561","601667","AD594CQ","AD595CQ","NeedsReview","Neither matches",""
"Through Hole Parts#1609","601722","818-136","818-130","NeedsReview","Neither matches",""
"Through Hole Parts#1652","601779","MH13FAD-R 16.0MHz","MH13FAD-R 16.0 MHZ","NeedsReview","Neither matches","MH13FAD-16.0 MHZ; MH13FAD-R 16MHZ"
"Through Hole Parts#1839","611064","5063JD1.5K1%TR","5063JD 1.5K 1%TR","NeedsReview","Neither matches","MBA02040C1501FRP00"
"Through Hole Parts#1876","611105","SDS32R4K","SD32R4K","NeedsReview","Neither matches","2966595"
"Through Hole Parts#2054","611288","AAAAAA","AAAAA","NeedsReview","Neither matches",""
"Through Hole Parts#2123","611315","SCT043021-V02","sinocrystal","NeedsReview","Neither matches",""
"Through Hole Parts#1250","601321","192P103X9200","192P10392","Unconfirmed","Not found in Export",""
"Through Hole Parts#1284","601364","926CCOG102J050B","926CC0G102J050B","Unconfirmed","Not found in Export",""
"Through Hole Parts#1374","601458","4114R-001-105","4114R-001-005","Unconfirmed","Not found in Export",""
"Through Hole Parts#1875","611104","P87C51FA-4N","P87C51FA-4N,112","Unconfirmed","Not found in Export",""
"Through Hole Parts#1879","611108","2222 12016102","2222 120 16102","Unconfirmed","Not found in Export",""
"Through Hole Parts#1065","601110","MBA02040C1OO3FRP00","MBA02040C1003FRP00","UseOldMfgName","Confirmed (exact)","5063JD100K0F/TR; MBA02040C1003FRP00"
"Through Hole Parts#1087","601136","76SP07","76P07","UseOldMfgName","Confirmed (exact)","76P07"
"Through Hole Parts#1089","601138","K102M15K7RF53L2","K102M15X7RF53L2","UseOldMfgName","Confirmed (exact)","C315C102K1R5TA; CW15C102M; K102M15X7RF53L2; R155C102MAR; SR151C102KAA; SR151C102KAR; SR155C102MAA"
"Through Hole Parts#1253","601326","SPB-306","4N37","UseOldMfgName","Confirmed (exact)","4N37"
"Through Hole Parts#1282","601362","T140B107M006AS/TR","T140B107K006AS/TR","UseOldMfgName","Confirmed (exact)","M39003/03-0104; T140B107K006AS/TR; T140B107K006AS7200; T140B107K006AT"
"Through Hole Parts#1292","601372","ICM7242IPE","ICM7242IPA+","UseOldMfgName","Confirmed (exact)","ICM7242IPA; ICM7242IPA+"
"Through Hole Parts#1412","601502","BY228","BY228TR","UseOldMfgName","Confirmed (exact)","BY228-TR; BY228TR"
"Through Hole Parts#1610","601723","153008","01530008Z","UseOldMfgName","Confirmed (exact)","01530008Z"
"Through Hole Parts#1632","601748","6478D107M050CG3D","678D107M050CG3D","UseOldMfgName","Confirmed (exact)","678D107M050CG3D; ESH107M050AG3KA"
"Through Hole Parts#1657","601785","LT1017CN8","LT1018CN8","UseOldMfgName","Confirmed (exact)","LT1018CN8; LT1018CN8#PBF"
"Through Hole Parts#1738","601906","1N44ATR","1N4744ATR","UseOldMfgName","Confirmed (exact)","1N4744A; 1N4744ATR"
"Through Hole Parts#1765","601944","URZA100VH121U19X31LM","URZA100VH121U19X31LL","UseOldMfgName","Confirmed (exact)","URZA100VH121U19X31LL"
"Through Hole Parts#1772","601952","TL-5903/S","TL-5903-S","UseOldMfgName","Confirmed (exact)","TL-5903-S"
"Through Hole Parts#1784","601969","IRFP250N","IRFP250","UseOldMfgName","Confirmed (exact)","IRFP250"
"Through Hole Parts#1789","601983","3741315041","37413150410","UseOldMfgName","Confirmed (exact)","37413150410"
"Through Hole Parts#1791","601985","249-7972-3331-504L","249-7872-3331-504L","UseOldMfgName","Confirmed (exact)","249-7872-3331-504; 249-7872-3331-504F; 249-7872-3331-504L"
"Through Hole Parts#1793","601989","553 1082","5531082","UseOldMfgName","Confirmed (exact)","5531082"
"Through Hole Parts#1801","611002","HDM64GS24L-2-Z10S","HDM64GS24L-2-K11S","UseOldMfgName","Confirmed (exact)","GM24064B-FWM2CLW-NVZ; HDM64GS24L-2-K11S"
"Through Hole Parts#1803","611009","U32D35LG183M35X54LP","U32D35LGT183M35X54LP","UseOldMfgName","Confirmed (exact)","E32D350LPN183MA54M; U32D35LGT183M35X54LP"
"Through Hole Parts#1804","611010","HLMP-CM18-X1000","HLMP-CM34-X1000","UseOldMfgName","Confirmed (exact)","HLMP-CM34-X1000"
"Through Hole Parts#1812","611023","AGC-6","BK/AGC-6","UseOldMfgName","Confirmed (exact)","BK/AGC-6; BK/AGC-6-R"
"Through Hole Parts#1818","611032","IRF640","FQP4N20L","UseOldMfgName","Confirmed (exact)","0; FQP4N20L"
"Through Hole Parts#1820","611036","AS-1C.05RO 3%","AS1CR050JTR","UseOldMfgName","Confirmed (exact)","AS1CR050HLF; AS1CR050JTR; CW1XCT52A51LJ"
"Through Hole Parts#1824","611043","SP042B","SPA04B","UseOldMfgName","Confirmed (exact)","SPA04B"
"Through Hole Parts#1827","611047","LM1086IT","LM1086IT-ADJ/NOPB","UseOldMfgName","Confirmed (exact)","LM1086IT-ADJ/NOPB"
"Through Hole Parts#1838","611063","5063JD221%TR","5063JD 22 1%TR","UseOldMfgName","Confirmed (exact)","5063JD 22 1%TR; MBA02040C2209FRP00"
"Through Hole Parts#1840","611066","MBA02040C2009FC100","5063JD20ROF\TR","UseOldMfgName","Confirmed (exact)","5063JD20ROF\TR"
"Through Hole Parts#1846","611072","0242.050UAT1","0242.050 UAT1","UseOldMfgName","Confirmed (exact)","0242.050 UAT1"
"Through Hole Parts#1847","611073","0242.250","0242.250UAT1","UseOldMfgName","Confirmed (exact)","0242.250UAT1"
"Through Hole Parts#1848","611074","1N5339BG","1N5339BRLG","UseOldMfgName","Confirmed (exact)","1N5339BRLG"
"Through Hole Parts#1849","611075","1N5334D","1N5334BRLG","UseOldMfgName","Confirmed (exact)","1N5334BRLG"
"Through Hole Parts#1852","611078","26M0071","T300YRW","UseOldMfgName","Confirmed (exact)","L-93WEYW; T300YRW"
"Through Hole Parts#1853","611079","26M0073","T300GRW","UseOldMfgName","Confirmed (exact)","L-93WSRSGC; T300GRW"
"Through Hole Parts#1854","611080","TLH-2450","TLH-2450/P","UseOldMfgName","Confirmed (exact)","TLH-2450/P"
"Through Hole Parts#1859","611085","C33OC474K5R5CA","C330C474K5R5CA","UseOldMfgName","Confirmed (exact)","C330C474K5R5CA"
"Through Hole Parts#1860","611086","PS710A-1A","PVG612PBF","UseOldMfgName","Confirmed (exact)","PS710B-1A-A; PVG612PBF"
"Through Hole Parts#1861","611087","RS02B1OOR0FE7O","RS02B100R0FE70","UseOldMfgName","Confirmed (exact)","RS02B100R0FE70"
"Through Hole Parts#1866","611092","EALED55X31-G","EA LED55X31-G","UseOldMfgName","Confirmed (exact)","EA LED55X31-G"
"Through Hole Parts#1868","611095","MAL212014741E3","MAL212017471E3","UseOldMfgName","Confirmed (exact)","MAL212017471E3"
"Through Hole Parts#1870","611097","MOD5285-100IR","MOD5282-100IR","UseOldMfgName","Confirmed (exact)","MOD5282-100IR"
"Through Hole Parts#1877","611106","T322C475K035AJ","T322C475K035AS","UseOldMfgName","Confirmed (exact)","T322C475K035AS; T322C475K035AT"
"Through Hole Parts#1881","611110","AGC-2","BK/AGC-2","UseOldMfgName","Confirmed (exact)","BK/AGC-2; BK/AGC-2-R"
"Through Hole Parts#1885","611114","MX045HS-3C-20M0000","MXO45HS-3C-20M0000","UseOldMfgName","Confirmed (exact)","MXO45HS-3C-20M0000"
"Through Hole Parts#1886","611115","MAL2102017681E3","MAL212017681E3","UseOldMfgName","Confirmed (exact)","MAL212017681E3; MAL212027681E3"
"Through Hole Parts#1890","611119","HFVLU-24LG-PLLGN","HFVLU24LG-PLLGN","UseOldMfgName","Confirmed (exact)","HFVLU24LG-PLLGN"
"Through Hole Parts#1891","611120","HFVLU-24LR-PLLRD","HFVLU24LR-PLLRD","UseOldMfgName","Confirmed (exact)","HFVLU24LR-PLLRD"
"Through Hole Parts#1892","611121","ROV-10121KTR","MOV-10D121KTR","UseOldMfgName","Confirmed (exact)","MOV-10D121KTR"
